hr,sys,dia,spo2,stress
85,125,85,94,2
77,110,71,95,2
76,112,77,94,2
80,131,76,96,1
71,130,73,99,0
83,116,88,94,2
109,120,84,98,2
81,113,74,96,1
71,128,71,98,0
79,110,78,99,1
89,125,73,99,1
95,114,81,100,1
71,126,74,95,2
93,133,82,94,2
110,126,78,100,2
96,125,70,95,2
67,110,76,99,0
77,132,83,100,1
68,134,73,94,2
83,112,76,100,1
105,134,85,99,2
103,123,88,98,2
85,125,85,98,1
78,126,88,98,1
110,129,88,100,2
77,116,75,94,2
64,118,74,98,0
106,124,71,98,2
67,131,77,97,0
97,132,78,100,2
109,135,90,96,2
73,117,75,98,0
95,121,85,96,1
97,133,82,97,2
73,124,72,97,0
74,129,74,95,2
106,123,72,95,2
88,115,77,99,1
77,114,84,99,1
99,115,87,94,2
108,113,82,94,2
84,113,87,97,1
76,117,81,100,1
71,134,83,99,0
80,112,81,98,1
73,122,71,96,0
97,119,81,96,2
84,123,78,98,1
65,134,80,94,2
100,114,80,99,2
94,111,74,100,1
65,119,86,95,2
108,130,86,99,2
101,117,79,97,2
83,123,87,98,1
68,130,85,99,0
106,114,85,99,2
90,113,90,100,1
110,113,85,99,2
101,115,73,94,2
93,130,84,99,1
108,114,75,94,2
92,114,71,95,2
70,135,87,97,0
83,134,86,100,1
91,128,87,99,1
73,135,70,98,0
75,113,89,99,0
62,113,79,100,0
107,126,72,99,2
110,124,85,95,2
81,121,83,94,2
70,120,88,99,0
75,114,82,97,0
61,118,89,95,2
96,127,73,95,2
64,113,82,96,0
103,120,74,97,2
67,132,83,94,2
83,130,81,95,2
94,112,73,99,1
71,124,84,99,0
93,133,88,96,1
98,132,82,98,2
72,128,89,98,0
86,125,72,97,1
67,124,89,97,0
91,122,76,95,2
75,110,78,96,0
96,132,85,97,2
86,113,89,100,1
97,114,90,97,2
88,133,89,99,1
101,123,73,94,2
97,121,78,95,2
71,132,78,98,0
109,131,72,94,2
62,131,78,99,0
81,110,83,94,2
80,131,75,98,1
71,130,86,96,0
109,121,76,95,2
80,127,72,96,1
105,123,77,100,2
72,112,83,94,2
87,126,71,95,2
76,115,82,98,1
81,133,76,97,1
104,111,77,97,2
65,125,71,96,0
97,118,86,94,2
110,120,74,97,2
67,125,78,99,0
74,115,87,97,0
85,125,73,94,2
92,127,70,95,2
80,119,79,100,1
75,115,81,98,0
86,115,70,94,2
86,113,72,100,1
74,123,90,97,0
80,128,78,99,1
66,131,87,95,2
76,120,85,99,1
67,126,76,95,2
90,130,87,97,1
106,129,72,98,2
68,117,74,100,0
88,122,86,99,1
77,116,79,97,1
60,110,89,98,0
88,122,89,96,1
108,120,71,100,2
67,114,82,97,0
62,113,76,96,0
61,126,70,100,0
86,115,86,99,1
60,130,71,99,0
68,135,86,100,0
91,118,84,100,1
107,131,72,94,2
69,128,89,100,0
104,125,76,99,2
63,114,76,95,2
95,118,79,100,1
71,122,77,100,0
100,123,76,96,2
85,131,77,97,1
71,126,86,100,0
66,135,83,96,0
77,134,85,100,1
77,130,76,95,2
86,129,85,99,1
103,116,87,95,2
80,124,70,98,1
93,126,80,98,1
62,119,86,97,0
74,133,78,100,0
76,122,82,97,1
82,111,70,95,2
76,132,80,100,1
85,110,75,98,1
98,126,87,96,2
90,121,72,94,2
102,110,79,98,2
69,126,77,96,0
81,129,86,96,1
78,112,77,97,1
97,131,83,99,2
85,120,85,97,1
68,121,86,99,0
99,113,90,99,2
78,131,86,98,1
98,135,77,97,2
90,110,76,96,1
70,130,82,96,0
89,128,70,99,1
68,130,83,95,2
104,113,73,98,2
104,114,76,100,2
65,125,90,100,0
62,118,80,95,2
109,132,82,100,2
88,130,77,99,1
101,115,86,94,2
84,135,81,99,1
76,131,88,100,1
75,110,75,94,2
109,127,88,95,2
100,128,77,100,2
95,120,77,96,1
82,133,72,98,1
77,135,88,95,2
60,120,85,96,0
74,112,78,100,0
65,131,85,98,0
91,121,81,99,1
70,126,84,100,0
79,131,79,99,1
70,110,79,95,2
87,115,88,99,1
74,135,84,98,0
93,115,84,100,1
88,124,87,99,1
89,114,73,95,2
109,131,74,96,2
62,129,79,97,0
89,113,89,100,1
99,115,72,95,2
61,111,70,99,0
81,128,84,97,1
108,116,79,99,2
105,127,71,96,2
70,112,74,98,0
63,111,72,96,0
100,114,81,99,2
104,113,89,96,2
79,129,77,98,1
74,114,73,97,0
82,123,72,94,2
110,127,74,97,2
77,112,73,100,1
96,128,77,97,2
71,115,84,95,2
93,116,79,95,2
91,131,84,100,1
80,133,85,94,2
79,112,71,94,2
102,118,80,96,2
86,123,74,94,2
77,123,79,94,2
72,113,79,98,0
62,131,80,97,0
96,121,71,96,2
78,110,83,97,1
90,130,83,95,2
100,120,81,98,2
68,122,86,97,0
69,118,70,98,0
98,124,80,97,2
102,116,77,94,2
67,128,84,99,0
96,115,85,94,2
102,111,81,97,2
79,127,79,94,2
105,125,88,97,2
106,130,78,95,2
93,130,71,98,1
69,131,75,97,0
86,111,78,100,1
64,112,72,95,2
73,120,72,97,0
68,135,84,99,0
64,133,90,100,0
92,127,72,100,1
90,122,76,100,1
63,132,88,94,2
110,135,70,94,2
65,124,73,96,0
94,113,87,97,1
66,123,74,95,2
110,118,78,95,2
75,135,83,97,0
60,129,90,96,0
101,115,78,100,2
62,115,75,96,0
86,128,80,94,2
75,117,77,100,0
98,129,85,96,2
86,135,81,97,1
83,124,81,95,2
103,126,74,95,2
106,133,74,95,2
62,132,71,94,2
86,125,86,98,1
82,135,84,95,2
85,135,88,94,2
78,131,81,100,1
73,125,74,94,2
105,125,75,99,2
108,130,90,100,2
69,124,73,94,2
76,126,77,95,2
70,112,80,100,0
93,129,82,98,1
102,111,75,95,2
97,135,89,97,2
62,115,88,100,0
108,112,80,94,2
103,132,70,99,2
90,128,73,94,2
68,126,78,95,2
105,116,88,99,2
78,115,85,97,1
102,113,83,99,2
73,114,82,99,0
97,115,73,95,2
70,132,74,94,2
96,113,87,98,2
61,135,80,98,0
90,135,73,94,2
92,110,78,98,1
79,124,79,100,1
61,130,85,95,2
79,132,84,96,1
67,133,75,97,0
69,134,80,99,0
92,110,76,96,1
103,133,89,100,2
67,112,72,99,0
84,134,79,96,1
101,125,87,100,2
65,131,79,98,0
81,113,78,98,1
99,119,85,95,2
105,118,90,99,2
74,130,80,97,0
84,114,79,97,1
90,112,77,94,2
78,130,79,96,1
67,125,90,99,0
106,112,80,97,2
62,117,78,99,0
92,125,82,96,1
100,111,87,95,2
106,110,89,100,2
101,130,86,94,2
71,133,78,99,0
84,131,85,100,1
99,125,83,97,2
79,125,88,100,1
75,131,77,99,0
86,114,82,96,1
105,135,86,96,2
92,132,77,94,2
65,120,90,99,0
102,116,87,98,2
65,126,87,97,0
110,121,83,97,2
106,114,83,96,2
66,110,86,95,2
69,125,70,98,0
77,134,75,97,1
62,126,75,94,2
94,135,77,94,2
109,122,75,98,2
95,126,86,96,1
99,121,78,97,2
70,114,82,98,0
61,131,72,94,2
70,111,77,100,0
84,125,87,95,2
72,120,90,95,2
73,130,87,98,0
101,124,78,94,2
71,128,78,96,0
93,111,72,94,2
79,132,90,94,2
85,124,83,99,1
89,117,85,96,1
71,135,77,94,2
62,119,78,99,0
97,111,83,97,2
64,131,75,99,0
86,111,87,96,1
61,119,85,100,0
100,110,76,94,2
67,119,85,98,0
99,133,79,99,2
86,118,86,96,1
95,113,81,96,1
95,127,78,97,1
62,116,76,98,0
77,125,74,95,2
90,122,72,94,2
72,126,82,96,0
68,127,74,97,0
84,129,86,99,1
77,112,76,98,1
99,111,74,98,2
99,130,70,96,2
86,129,75,97,1
73,110,73,95,2
103,115,83,98,2
62,124,72,94,2
89,120,84,99,1
96,116,79,100,2
81,119,74,94,2
91,113,79,100,1
84,133,77,98,1
100,129,78,97,2
95,110,80,95,2
109,118,89,96,2
60,113,88,94,2
99,114,90,95,2
88,121,90,95,2
73,134,85,94,2
96,115,88,97,2
83,120,82,94,2
103,128,76,96,2
79,124,79,97,1
102,124,85,95,2
72,125,78,98,0
68,120,84,99,0
110,120,89,100,2
60,126,89,98,0
74,125,83,96,0
99,117,79,98,2
97,125,73,98,2
105,121,83,98,2
71,114,80,98,0
107,135,84,95,2
60,124,83,96,0
87,115,87,95,2
77,112,82,97,1
89,111,70,98,1
75,126,76,98,0
96,111,71,98,2
68,116,82,99,0
104,113,70,99,2
100,120,78,96,2
108,111,73,95,2
81,123,77,99,1
60,111,74,96,0
106,114,88,98,2
74,114,71,95,2
80,111,81,94,2
72,125,87,100,0
91,131,87,95,2
83,128,90,99,1
106,112,75,95,2
108,114,81,96,2
99,116,73,98,2
96,114,82,95,2
85,128,87,94,2
100,113,75,100,2
99,120,72,96,2
67,130,77,100,0
99,113,87,98,2
66,117,79,99,0
62,114,73,95,2
72,122,90,95,2
79,120,86,94,2
62,116,89,97,0
98,121,75,94,2
100,126,74,99,2
66,115,82,100,0
95,114,83,98,1
79,134,82,96,1
103,112,77,98,2
96,132,76,99,2
95,135,71,95,2
76,112,83,99,1
66,134,72,100,0
98,112,74,95,2
87,130,74,97,1
86,117,83,98,1
101,130,77,96,2
74,122,83,94,2
99,123,80,100,2
81,122,77,94,2
92,134,74,97,1
99,127,84,94,2
79,132,89,94,2
70,121,85,96,0
90,127,80,100,1
96,121,80,95,2
83,124,81,96,1
102,118,72,95,2
99,135,82,97,2
88,130,71,95,2
82,124,75,97,1
65,134,75,100,0
70,123,89,97,0
102,111,82,97,2
106,123,73,98,2
63,133,77,98,0
88,128,82,94,2
98,110,88,100,2
83,120,74,97,1
110,117,73,99,2
63,112,90,99,0
95,121,75,95,2
61,115,82,98,0
81,129,89,95,2
80,125,72,100,1
88,130,84,99,1
98,124,81,95,2
82,131,75,99,1
67,133,88,97,0
87,126,78,97,1
89,111,86,98,1
97,116,79,95,2
76,115,88,94,2
96,113,89,98,2
60,125,79,97,0
84,111,77,100,1
96,118,77,97,2
96,131,70,100,2
92,119,71,94,2
101,114,78,96,2
60,118,87,100,0
80,111,78,96,1
105,129,81,100,2
91,133,72,97,1
61,119,73,97,0
65,117,71,94,2
99,127,72,94,2
62,120,73,98,0
94,127,74,95,2
68,116,76,94,2
88,134,72,100,1
64,120,81,97,0
74,111,80,95,2
88,115,78,99,1
105,128,72,100,2
71,130,70,94,2
70,124,75,94,2
95,123,72,100,1
64,127,70,98,0
100,124,73,97,2
109,130,89,96,2
102,117,84,100,2
64,119,77,95,2
110,110,73,97,2
108,120,71,100,2
99,133,70,100,2
75,119,83,100,0
60,131,90,96,0
98,121,73,95,2
64,122,76,94,2
95,127,85,95,2
106,118,70,98,2
96,124,83,94,2
70,130,83,97,0
71,110,86,100,0
61,121,79,94,2
98,117,81,98,2
91,116,76,100,1
61,110,72,98,0
90,118,74,98,1
65,135,73,95,2
100,118,77,95,2
71,117,74,99,0
110,117,83,99,2
98,124,74,97,2
91,110,75,99,1
66,114,70,94,2
108,134,71,100,2
81,134,81,99,1
71,110,82,97,0
62,118,75,97,0
87,125,77,97,1
89,115,85,99,1
92,115,87,98,1
82,118,84,94,2
89,129,84,97,1
89,114,87,96,1
89,128,71,95,2
60,123,72,97,0
84,125,81,99,1
100,118,86,94,2
86,124,82,98,1
78,131,74,97,1
66,119,84,95,2
94,121,74,97,1
100,124,78,100,2
101,111,74,95,2
81,118,86,99,1
77,132,74,97,1
72,125,70,94,2
79,110,87,95,2
93,112,86,100,1
95,126,73,95,2
73,130,77,96,0
87,113,73,96,1
78,110,86,95,2
107,120,81,94,2
74,120,88,95,2
110,114,76,97,2
71,135,90,97,0
106,111,76,100,2
95,122,80,94,2
86,134,70,97,1
85,113,72,97,1
63,127,73,95,2
77,129,84,100,1
78,115,87,95,2
79,132,89,100,1
86,113,83,97,1
89,114,88,99,1
82,121,81,99,1
71,123,85,94,2
69,116,76,96,0
107,116,83,96,2
83,124,85,96,1
63,114,81,94,2
74,117,76,95,2
107,110,75,97,2
65,122,70,96,0
70,124,86,100,0
70,122,71,98,0
67,124,85,95,2
110,110,75,97,2
84,129,84,95,2
89,131,70,94,2
99,132,77,96,2
97,129,90,99,2
105,118,87,95,2
95,117,78,100,1
69,118,89,94,2
105,125,90,97,2
81,128,76,97,1
99,113,71,96,2
98,129,85,98,2
87,122,79,94,2
77,123,72,99,1
72,120,76,99,0
98,116,80,99,2
75,119,74,95,2
106,112,81,94,2
62,117,70,96,0
103,129,88,96,2
81,118,79,99,1
75,132,90,96,0
78,127,81,100,1
79,122,72,100,1
96,118,86,96,2
84,120,72,96,1
93,112,80,98,1
99,126,74,96,2
83,129,74,98,1
89,118,74,98,1
79,113,88,95,2
93,134,70,95,2
100,128,85,95,2
105,120,81,100,2
97,123,74,100,2
88,129,86,98,1
73,132,90,100,0
92,128,81,98,1
106,132,73,100,2
78,135,80,94,2
103,120,81,100,2
102,121,83,98,2
106,112,88,98,2
97,130,79,95,2
90,133,82,100,1
108,112,74,97,2
82,114,78,95,2
97,131,74,94,2
103,132,83,99,2
102,125,76,96,2
81,119,77,94,2
63,125,83,94,2
92,116,72,95,2
62,128,89,95,2
71,135,82,95,2
100,131,74,100,2
106,114,88,100,2
70,119,80,95,2
94,135,90,96,1
74,125,82,98,0
97,115,70,97,2
93,115,80,95,2
100,133,72,98,2
92,127,76,99,1
65,110,73,95,2
91,113,86,99,1
80,113,90,98,1
63,116,70,100,0
87,113,78,100,1
64,128,78,96,0
72,110,79,99,0
76,128,81,95,2
79,110,90,99,1
102,127,83,100,2
82,116,80,98,1
73,125,84,99,0
90,123,73,100,1
73,126,77,95,2
69,110,70,98,0
81,110,74,98,1
97,115,72,98,2
84,119,81,99,1
96,111,75,97,2
81,117,72,97,1
103,128,74,94,2
83,128,77,96,1
90,121,90,98,1
85,131,76,97,1
101,127,81,96,2
95,121,85,94,2
69,122,85,97,0
65,111,90,97,0
93,122,75,95,2
109,123,86,98,2
97,132,81,96,2
96,114,78,98,2
82,131,76,99,1
87,120,89,94,2
86,132,90,95,2
83,120,85,100,1
107,133,80,98,2
65,134,90,94,2
102,113,86,96,2
68,125,85,97,0
72,129,88,94,2
75,126,77,95,2
99,133,75,94,2
82,110,88,96,1
68,126,87,99,0
80,135,74,98,1
69,124,78,98,0
95,123,83,96,1
72,117,73,96,0
84,125,79,94,2
91,112,85,95,2
71,130,75,97,0
60,119,72,96,0
87,135,83,98,1
100,111,89,99,2
104,125,89,94,2
88,129,88,94,2
93,111,87,98,1
79,118,88,96,1
72,129,73,99,0
90,112,81,100,1
61,133,90,98,0
86,121,77,94,2
108,119,70,94,2
62,120,78,94,2
85,126,70,94,2
60,133,89,95,2
107,118,77,98,2
80,124,81,98,1
110,124,77,96,2
109,134,75,98,2
73,130,78,100,0
94,129,86,100,1
94,121,70,100,1
79,112,86,96,1
86,133,83,98,1
104,126,74,96,2
88,117,80,97,1
108,125,88,94,2
80,132,78,98,1
64,114,83,95,2
108,114,82,100,2
88,130,72,94,2
104,128,89,96,2
71,129,83,94,2
92,131,83,99,1
89,120,79,96,1
102,117,74,97,2
79,118,71,97,1
98,135,70,99,2
90,126,79,98,1
110,123,86,100,2
100,119,90,95,2
82,112,88,97,1
70,127,81,95,2
66,119,75,94,2
79,129,81,96,1
86,132,71,99,1
110,115,89,95,2
76,132,79,97,1
84,121,82,99,1
101,135,74,100,2
100,135,88,98,2
80,128,82,96,1
108,134,71,100,2
93,126,79,94,2
81,120,83,98,1
63,117,75,99,0
98,131,74,96,2
70,128,76,96,0
67,134,80,97,0
106,133,90,96,2
101,117,75,94,2
68,110,90,100,0
73,133,80,95,2
60,134,84,97,0
93,125,73,96,1
108,118,82,98,2
65,126,83,95,2
96,113,86,96,2
64,131,86,95,2
79,124,82,100,1
96,120,78,98,2
105,135,86,99,2
102,130,79,94,2
108,134,74,96,2
74,133,85,95,2
97,127,87,94,2
99,117,73,98,2
77,115,86,100,1
93,115,74,99,1
83,130,73,98,1
92,132,88,96,1
64,130,75,100,0
98,121,83,94,2
107,121,73,97,2
109,133,88,94,2
99,128,79,100,2
71,125,72,96,0
101,124,90,97,2
79,121,87,97,1
94,114,87,94,2
72,124,75,99,0
108,116,76,95,2
89,126,80,96,1
74,133,73,100,0
87,110,81,98,1
73,123,90,97,0
93,135,89,96,1
83,114,90,98,1
102,114,76,94,2
86,112,71,94,2
62,123,88,98,0
99,122,81,99,2
108,123,89,100,2
103,130,77,96,2
85,113,86,95,2
81,123,87,94,2
64,135,81,94,2
74,113,77,95,2
68,112,82,95,2
96,124,79,96,2
72,117,72,95,2
81,116,76,97,1
68,110,84,98,0
81,125,85,97,1
102,134,75,98,2
62,114,77,99,0
100,111,76,98,2
103,118,85,94,2
108,118,70,100,2
95,134,86,97,1
109,125,83,98,2
88,133,76,94,2
70,132,70,96,0
95,122,73,99,1
92,118,83,98,1
104,113,90,96,2
88,135,86,95,2
109,123,87,99,2
71,120,76,96,0
77,111,86,98,1
93,124,89,96,1
88,111,88,95,2
88,130,79,96,1
107,128,72,95,2
88,129,82,98,1
76,118,88,99,1
67,111,71,100,0
95,114,84,99,1
103,116,83,94,2
104,128,85,97,2
76,130,71,99,1
81,124,79,95,2
85,123,72,100,1
65,113,87,100,0
102,110,84,100,2
108,125,76,99,2
98,113,75,100,2
97,114,77,99,2
69,111,83,98,0
102,134,75,97,2
105,135,88,98,2
83,124,72,96,1
80,123,72,98,1
92,129,88,96,1
92,123,79,95,2
76,110,82,97,1
95,121,81,99,1
79,128,83,97,1
80,129,78,97,1
101,116,78,95,2
84,115,70,100,1
109,128,80,97,2
110,127,88,96,2
110,124,79,100,2
76,123,78,96,1
105,128,74,100,2
68,124,76,96,0
79,114,81,96,1
90,129,78,96,1
69,122,84,96,0
110,118,78,97,2
76,119,70,97,1
86,122,73,100,1
93,131,88,94,2
102,132,86,99,2
65,130,76,98,0
73,113,84,98,0
76,112,74,100,1
110,114,74,97,2
101,127,88,97,2
95,135,86,97,1
81,117,85,98,1
93,120,73,98,1
93,116,80,98,1
87,133,80,94,2
66,114,73,99,0
98,117,74,98,2
68,124,80,94,2
93,122,89,95,2
90,134,78,100,1
74,127,75,98,0
90,126,79,96,1
60,117,71,94,2
109,115,89,97,2
94,133,79,94,2
102,120,90,94,2
90,127,74,95,2
68,116,90,97,0
63,123,78,99,0
103,127,88,96,2
73,128,82,94,2
79,124,85,95,2
93,128,78,98,1
77,135,82,96,1
92,122,75,97,1
86,134,85,96,1
95,113,90,99,1
72,126,86,98,0
78,115,84,94,2
76,122,88,100,1
91,111,77,99,1
102,119,70,100,2
89,125,70,100,1
104,110,78,100,2
90,133,82,99,1
62,131,75,95,2
105,128,77,100,2
107,133,73,94,2
90,112,79,96,1
105,115,81,95,2
91,124,90,95,2
77,130,78,96,1
108,113,79,97,2
90,133,71,98,1
81,121,75,98,1
86,133,76,96,1
72,122,80,95,2
67,118,84,100,0
64,118,75,95,2
103,132,89,95,2
95,131,78,95,2
109,116,89,99,2
81,132,89,97,1
83,121,73,97,1
74,127,80,94,2
100,126,80,96,2
65,131,70,100,0
109,119,72,95,2
60,126,87,94,2
90,121,85,94,2
106,122,76,98,2
98,125,86,99,2
72,115,84,97,0
87,133,73,95,2
93,110,73,96,1
64,130,79,97,0
60,110,90,98,0
100,129,79,96,2
90,116,76,97,1
78,122,89,97,1
60,112,85,94,2
78,111,87,94,2
95,121,84,99,1
105,130,87,100,2
100,116,74,97,2
103,118,71,94,2
82,116,83,98,1
73,134,87,100,0
92,115,82,96,1
105,133,76,96,2
84,129,75,99,1
88,116,84,94,2
82,122,84,96,1
81,116,80,96,1
70,120,73,99,0
93,134,79,96,1
79,116,71,100,1
73,127,77,96,0
99,128,90,100,2
65,119,79,97,0
99,129,82,94,2
84,118,70,97,1
64,121,90,100,0
69,112,90,94,2
92,112,83,95,2
110,122,71,94,2
69,133,86,99,0
91,118,84,94,2
84,129,72,100,1
84,119,77,99,1
96,119,79,99,2
63,129,71,100,0
66,127,80,100,0
103,114,88,97,2
108,121,73,97,2
79,133,77,97,1
100,134,84,95,2
108,135,90,97,2
91,130,79,100,1
110,118,80,95,2
108,132,79,95,2
95,122,83,96,1
85,130,90,95,2
85,118,90,100,1
107,114,88,94,2
97,115,84,100,2
85,111,74,100,1
85,111,75,100,1
64,121,73,100,0
76,123,90,96,1
107,113,76,94,2
61,127,79,99,0
79,125,86,100,1
67,124,81,100,0
109,128,79,94,2
105,124,87,100,2
68,123,77,100,0
80,115,80,99,1
77,129,88,97,1
62,111,75,94,2
85,121,89,97,1
88,115,90,96,1
89,116,81,98,1
78,122,81,99,1
63,118,83,95,2
102,122,87,100,2
66,123,75,99,0
100,125,79,94,2
100,115,85,97,2
61,132,90,97,0
82,130,89,100,1
62,121,82,95,2
74,112,81,94,2
101,113,85,100,2
69,119,75,99,0
85,119,72,99,1
72,125,87,96,0
107,123,75,99,2
82,133,75,94,2
89,132,82,96,1
78,112,83,94,2
97,134,73,97,2
77,131,72,96,1
73,130,70,95,2
61,121,83,98,0
66,123,80,97,0
86,112,70,95,2
63,115,85,100,0
110,125,70,94,2
97,128,72,94,2
91,120,87,96,1
67,129,88,97,0
61,119,74,99,0
71,126,89,96,0
105,123,84,99,2
77,121,73,96,1
93,128,89,95,2
68,125,78,97,0
78,131,77,98,1
102,121,78,99,2
62,118,90,94,2
89,125,81,96,1
86,130,78,94,2
60,110,86,100,0
110,132,76,99,2
109,127,87,94,2
96,120,88,98,2
108,119,75,94,2
71,128,75,97,0
86,125,81,96,1
66,135,83,99,0
81,112,84,97,1
109,123,80,95,2
75,131,76,95,2
82,115,88,96,1
82,114,81,95,2
60,129,90,99,0
90,110,88,100,1
75,131,76,96,0
86,126,72,97,1
74,129,77,96,0
98,116,82,100,2
68,126,73,95,2
101,124,77,97,2
109,133,90,98,2
93,114,88,94,2
85,131,72,97,1
83,124,70,98,1
107,127,79,94,2
101,120,88,96,2
73,113,87,100,0
77,116,85,97,1
86,132,90,97,1
90,132,87,97,1
107,116,90,97,2
110,129,85,97,2
110,129,72,99,2
74,127,72,96,0
85,128,83,95,2
71,121,79,97,0
89,122,88,97,1
82,127,86,97,1
93,116,82,100,1
73,130,83,100,0
62,124,77,94,2
66,113,73,100,0
106,129,88,100,2
76,135,88,97,1
108,131,83,94,2
83,119,73,100,1
75,122,71,94,2
109,115,73,96,2
100,113,80,94,2
96,119,70,94,2
63,124,89,99,0
74,116,70,95,2
67,122,71,95,2
82,119,84,95,2
82,120,71,94,2
67,123,72,95,2
79,124,84,95,2
110,127,81,95,2
74,118,87,98,0
83,130,76,97,1
96,121,77,100,2
108,116,86,96,2
74,118,77,95,2
108,117,80,100,2
85,117,85,94,2
93,115,79,96,1
102,130,89,95,2
110,110,81,97,2
68,117,70,95,2
67,135,88,98,0
87,116,87,97,1
64,119,89,99,0
82,113,88,96,1
104,129,84,100,2
74,135,77,96,0
76,110,78,95,2
70,131,88,94,2
60,132,80,96,0
86,113,81,94,2
75,112,83,100,0
106,135,90,99,2
86,118,83,95,2
98,127,80,96,2
108,131,73,98,2
104,115,82,99,2
90,114,85,99,1
79,118,78,97,1
92,118,90,100,1
98,110,78,98,2
94,118,82,95,2
64,130,84,94,2
101,125,83,100,2
101,114,79,94,2
101,134,83,96,2
97,112,90,99,2
110,119,78,96,2
73,125,88,100,0
93,120,76,99,1
82,120,84,97,1
106,124,88,99,2
83,135,74,94,2
99,119,79,94,2
91,126,78,94,2
88,125,72,98,1
101,113,87,99,2
95,118,86,94,2
97,110,79,100,2
94,111,73,95,2
103,124,74,95,2
64,116,89,98,0
76,116,89,97,1
78,123,80,94,2
94,133,88,99,1
63,132,88,95,2
86,118,88,98,1
60,114,90,94,2
93,118,85,97,1
92,119,87,98,1
70,117,76,99,0
96,120,72,99,2
101,125,90,94,2
100,110,73,97,2
62,110,89,99,0
60,130,90,96,0
97,127,79,100,2
107,113,73,97,2
110,118,71,96,2
61,125,79,99,0
76,118,88,95,2
80,115,86,99,1
98,127,78,100,2
88,116,82,96,1
65,123,74,94,2
71,116,74,96,0
74,119,78,96,0
63,115,70,96,0
104,135,76,99,2
93,133,70,95,2
75,135,86,99,0
106,122,73,97,2
84,110,70,98,1
73,118,82,100,0
97,114,83,95,2
109,114,79,95,2
77,132,72,95,2
63,110,87,98,0
88,111,90,96,1
87,115,82,95,2
91,128,72,94,2
105,129,86,97,2
108,134,84,98,2
92,132,89,97,1
105,126,77,97,2
90,111,87,97,1
106,115,83,94,2
65,111,70,95,2
99,125,82,100,2
86,131,75,94,2
93,114,75,95,2
77,122,72,97,1
68,124,77,98,0
78,133,72,100,1
103,114,79,100,2
84,120,86,97,1
103,128,75,96,2
78,118,76,95,2
92,126,78,96,1
74,127,80,94,2
88,115,90,97,1
106,128,75,100,2
70,113,79,97,0
85,135,82,98,1
61,123,73,94,2
90,132,73,98,1
67,123,70,97,0
102,117,73,96,2
83,123,83,94,2
99,128,82,99,2
60,116,73,95,2
88,110,84,94,2
67,122,78,96,0
107,111,70,96,2
84,118,78,98,1
102,128,71,96,2
67,131,87,99,0
78,114,76,97,1
63,110,83,100,0
100,126,70,95,2
102,124,74,100,2
85,116,76,100,1
102,111,74,99,2
98,110,89,98,2
103,112,81,94,2
87,135,79,97,1
76,134,75,100,1
78,112,84,94,2
107,131,75,100,2
66,118,82,94,2
98,134,89,94,2
91,132,85,98,1
73,125,77,96,0
79,131,74,100,1
73,131,79,95,2
110,114,83,96,2
85,135,81,95,2
70,129,86,100,0
60,124,71,100,0
109,132,82,99,2
100,112,85,98,2
79,131,72,97,1
64,117,88,100,0
96,110,84,99,2
87,122,78,94,2
83,112,81,98,1
79,133,70,97,1
88,134,84,100,1
73,110,79,99,0
63,125,82,98,0
84,110,80,94,2
106,134,88,96,2
100,118,80,97,2
86,118,70,98,1
82,116,90,98,1
77,118,76,95,2
71,133,72,97,0
105,113,78,99,2
75,128,79,96,0
104,131,72,99,2
86,119,83,99,1
67,126,72,95,2
109,132,76,98,2
94,124,74,98,1
105,134,84,97,2
98,116,83,94,2
103,113,71,94,2
86,125,85,94,2
87,128,84,99,1
66,113,84,97,0
96,124,86,97,2
68,112,75,96,0
97,133,78,97,2
67,121,88,96,0
106,135,81,100,2
83,123,76,96,1
103,126,89,94,2
106,117,75,98,2
60,129,76,95,2
64,118,71,100,0
108,127,77,94,2
68,116,73,94,2
61,111,90,96,0
76,122,72,99,1
90,114,79,97,1
96,133,75,95,2
107,124,76,95,2
95,110,83,100,1
66,123,87,95,2
109,115,78,94,2
91,117,75,100,1
84,118,74,98,1
70,113,73,98,0
103,112,82,97,2
85,118,72,97,1
83,131,80,96,1
78,133,76,98,1
89,112,72,99,1
64,111,87,94,2
90,126,70,94,2
86,128,88,98,1
110,118,88,95,2
69,130,82,96,0
92,132,82,95,2
106,115,71,96,2
105,115,79,100,2
103,131,85,94,2
64,115,83,98,0
62,128,77,99,0
107,132,87,100,2
99,129,79,97,2
63,131,80,97,0
67,123,74,99,0
73,111,89,96,0
79,112,70,98,1
100,116,90,94,2
63,123,77,96,0
60,117,83,96,0
101,133,88,97,2
108,133,79,94,2
78,112,72,96,1
92,123,71,99,1
107,119,81,97,2
107,121,72,100,2
60,129,77,97,0
78,120,74,99,1
64,115,71,94,2
73,114,89,97,0
93,111,84,97,1
107,133,73,95,2
85,119,87,97,1
86,127,84,98,1
66,130,75,99,0
97,118,88,96,2
61,116,90,96,0
96,129,90,99,2
71,115,80,99,0
73,125,77,98,0
90,123,75,98,1
84,127,72,95,2
76,120,81,100,1
62,115,88,98,0
86,126,88,97,1
75,123,90,95,2
108,115,87,99,2
101,128,88,100,2
76,121,84,97,1
71,125,83,94,2
86,113,83,98,1
62,130,82,96,0
87,112,80,95,2
84,130,74,99,1
71,110,79,98,0
92,130,90,99,1
83,133,83,100,1
72,130,87,99,0
86,117,80,99,1
65,120,76,99,0
82,111,85,98,1
76,115,87,100,1
92,122,76,96,1
96,113,73,94,2
75,113,83,94,2
66,115,75,94,2
88,131,76,94,2
96,127,71,100,2
89,111,71,97,1
98,120,73,99,2
109,116,80,95,2
92,110,90,97,1
100,119,75,99,2
93,128,90,97,1
70,119,80,95,2
107,115,72,94,2
97,117,77,99,2
73,110,87,96,0
109,130,88,98,2
61,124,86,95,2
94,118,71,98,1
93,111,70,100,1
96,126,85,97,2
62,110,86,94,2
75,116,75,95,2
100,132,89,97,2
70,113,79,94,2
70,127,83,94,2
73,126,76,95,2
78,119,80,96,1
89,121,72,95,2
93,113,89,100,1
80,117,76,100,1
98,128,83,95,2
71,124,71,98,0
100,121,82,95,2
99,114,71,98,2
102,127,82,94,2
62,131,72,97,0
103,134,71,96,2
85,131,73,94,2
83,131,86,97,1
95,127,88,96,1
82,134,72,95,2
101,123,82,96,2
73,133,70,94,2
78,128,86,96,1
70,131,73,96,0
65,117,73,96,0
106,118,84,94,2
85,126,70,94,2
79,134,85,99,1
105,112,76,99,2
73,110,81,94,2
90,117,77,97,1
73,126,72,100,0
72,121,83,96,0
73,122,72,94,2
94,120,71,100,1
85,134,73,95,2
61,114,85,98,0
68,112,73,96,0
72,115,80,98,0
87,111,75,99,1
95,125,82,95,2
68,110,84,99,0
96,128,77,97,2
61,126,89,97,0
96,119,88,98,2
66,130,77,97,0
66,127,75,97,0
93,129,81,96,1
87,119,81,95,2
65,110,72,98,0
96,131,81,99,2
68,124,82,96,0
70,114,71,100,0
60,123,77,98,0
105,113,89,95,2
71,114,82,98,0
61,127,87,97,0
89,134,90,96,1
63,121,73,98,0
65,116,74,99,0
87,128,86,95,2
94,126,81,99,1
95,122,75,100,1
93,119,74,100,1
72,124,85,96,0
76,122,77,100,1
81,113,82,94,2
70,126,77,96,0
74,133,77,98,0
108,132,83,97,2
95,120,78,95,2
110,126,76,98,2
80,115,81,95,2
80,114,82,99,1
97,123,71,98,2
106,122,75,97,2
64,121,79,94,2
96,129,85,100,2
85,125,70,95,2
63,119,83,100,0
68,110,80,94,2
60,124,86,100,0
79,116,88,98,1
102,128,90,99,2
103,130,78,96,2
75,110,71,96,0
81,132,76,100,1
82,126,77,99,1
73,134,73,94,2
65,129,75,98,0
70,117,71,95,2
97,114,75,94,2
108,121,88,95,2
98,127,84,98,2
83,114,70,98,1
108,132,85,98,2
71,127,79,97,0
85,130,83,95,2
100,116,89,98,2
66,128,73,95,2
93,125,85,99,1
103,134,79,97,2
95,124,85,95,2
94,113,76,94,2
68,126,78,98,0
107,116,88,99,2
81,117,77,94,2
103,128,76,99,2
63,132,80,94,2
92,129,77,98,1
92,116,84,98,1
65,129,73,98,0
60,117,75,99,0
110,118,85,94,2
76,124,79,95,2
62,125,85,100,0
69,121,90,100,0
93,126,75,98,1
65,118,79,99,0
104,131,85,97,2
105,129,89,96,2
60,130,73,98,0
105,129,90,94,2
109,128,85,97,2
105,134,73,98,2
80,122,81,94,2
82,124,85,95,2
78,131,72,95,2
79,111,84,95,2
97,124,85,94,2
82,127,87,96,1
99,116,76,97,2
103,119,77,99,2
62,112,79,98,0
100,123,78,96,2
107,113,87,98,2
102,128,74,98,2
69,135,89,94,2
104,113,70,96,2
87,133,89,94,2
83,116,74,96,1
61,113,74,99,0
60,124,80,94,2
98,129,76,95,2
77,115,85,94,2
79,119,81,100,1
91,123,85,97,1
86,116,70,96,1
86,119,80,95,2
74,135,75,97,0
91,130,90,96,1
60,121,88,99,0
99,134,82,96,2
90,122,70,95,2
86,126,74,100,1
96,110,80,95,2
104,120,73,95,2
66,130,80,97,0
79,133,86,97,1
71,118,79,100,0
102,125,85,99,2
70,132,88,95,2
99,130,80,95,2
84,135,78,94,2
99,126,90,99,2
76,133,82,100,1
62,111,72,99,0
104,112,74,97,2
72,111,75,98,0
73,122,70,95,2
109,117,70,95,2
80,123,79,94,2
80,125,89,96,1
99,119,82,96,2
62,124,79,94,2
62,125,88,97,0
107,121,82,97,2
73,121,87,94,2
67,128,72,98,0
72,125,90,100,0
73,126,89,97,0
64,121,85,95,2
75,119,90,100,0
75,120,79,95,2
76,121,84,95,2
87,133,80,100,1
70,116,74,97,0
70,110,73,96,0
70,115,77,96,0
63,134,74,100,0
96,111,76,95,2
82,126,83,99,1
63,123,81,96,0
67,113,76,94,2
85,115,75,95,2
93,128,80,100,1
62,131,86,95,2
104,119,73,96,2
101,131,84,97,2
68,134,80,96,0
74,119,79,99,0
84,115,82,99,1
102,116,87,96,2
68,130,89,100,0
100,131,70,97,2
70,134,71,96,0
64,117,88,96,0
106,122,77,100,2
84,130,89,96,1
102,123,79,98,2
76,125,72,96,1
85,134,89,97,1
102,125,86,97,2
74,134,81,96,0
90,123,75,99,1
67,117,82,100,0
108,110,72,97,2
90,127,78,99,1
68,135,82,100,0
91,110,78,99,1
97,115,76,100,2
87,134,70,98,1
91,116,83,100,1
89,127,71,96,1
89,112,86,94,2
98,113,80,95,2
82,123,87,96,1
60,111,87,100,0
87,114,80,97,1
61,121,78,97,0
91,129,78,99,1
85,118,86,99,1
71,118,75,97,0
85,135,85,94,2
79,122,79,97,1
92,110,86,95,2
75,115,90,100,0
98,125,83,94,2
108,122,74,95,2
110,110,72,100,2
80,121,75,98,1
71,122,82,96,0
85,113,90,97,1
73,117,78,97,0
95,112,74,99,1
109,116,76,100,2
104,125,86,99,2
82,110,77,99,1
82,120,77,98,1
62,121,79,99,0
92,127,75,95,2
73,130,87,96,0
99,133,87,100,2
108,116,85,96,2
89,119,81,100,1
93,132,70,96,1
77,119,81,95,2
88,135,71,99,1
74,129,70,96,0
93,121,89,98,1
103,131,86,99,2
92,113,81,96,1
94,114,70,99,1
110,118,86,94,2
62,119,84,96,0
97,131,82,97,2
76,129,90,96,1
86,111,74,100,1
65,111,79,95,2
70,127,74,99,0
104,129,70,100,2
90,126,76,99,1
99,124,80,95,2
105,130,74,97,2
89,118,81,94,2
102,122,81,97,2
95,121,89,94,2
84,124,72,95,2
86,116,73,94,2
105,123,78,100,2
69,127,84,97,0
94,116,79,100,1
78,122,73,95,2
93,114,84,98,1
109,134,76,95,2
94,123,87,99,1
88,113,73,96,1
90,128,72,95,2
65,132,90,99,0
69,130,81,95,2
83,126,89,97,1
104,111,77,100,2
104,126,87,100,2
93,117,79,94,2
65,133,71,99,0
98,127,84,97,2
77,119,77,99,1
73,110,72,94,2
102,115,81,98,2
94,123,89,94,2
87,110,76,100,1
88,118,86,97,1
103,113,74,94,2
98,115,79,99,2
84,118,82,95,2
95,120,88,96,1
107,126,87,98,2
63,119,89,100,0
86,118,75,100,1
84,126,72,97,1
101,117,80,94,2
60,124,78,98,0
85,133,87,98,1
83,119,84,97,1
100,115,79,95,2
74,123,86,94,2
70,114,80,99,0
79,122,82,95,2
83,125,89,94,2
83,124,90,99,1
110,133,78,99,2
82,121,90,94,2
94,120,81,100,1
108,112,70,94,2
75,111,87,96,0
99,129,74,97,2
82,129,87,96,1
110,119,79,99,2
82,125,85,98,1
91,113,88,98,1
79,118,74,100,1
92,127,79,98,1
102,120,89,95,2
66,114,71,99,0
65,127,71,98,0
73,118,72,100,0
89,127,87,100,1
106,113,79,98,2
103,114,72,97,2
108,135,72,94,2
98,133,79,98,2
77,117,80,98,1
107,133,85,99,2
68,119,72,94,2
88,110,75,94,2
87,120,83,100,1
105,116,81,96,2
87,110,80,99,1
60,119,73,100,0
75,120,82,99,0
93,126,81,99,1
106,122,75,98,2
65,134,84,98,0
94,135,76,96,1
63,133,90,96,0
61,124,85,100,0
77,121,80,96,1
99,125,88,98,2
109,135,90,94,2
72,116,77,96,0
96,135,71,99,2
86,122,76,97,1
68,119,84,95,2
75,123,74,100,0
98,117,88,94,2
61,115,80,95,2
72,115,80,98,0
70,125,79,100,0
64,128,89,96,0
73,121,88,95,2
72,116,88,99,0
84,115,75,99,1
90,132,74,94,2
90,133,81,94,2
83,127,73,100,1
80,119,71,95,2
89,128,88,97,1
74,110,76,99,0
74,115,77,95,2
80,114,73,94,2
61,118,88,97,0
63,123,73,98,0
79,129,87,97,1
103,123,72,98,2
62,133,81,97,0
70,124,84,95,2
93,111,77,95,2
93,128,71,95,2
84,132,73,99,1
99,110,87,94,2
74,114,73,95,2
94,130,90,100,1
80,111,79,99,1
65,116,70,98,0
70,125,70,98,0
104,119,70,100,2
101,121,90,95,2
103,133,76,95,2
84,121,89,100,1
83,135,86,97,1
78,125,81,98,1
75,118,77,99,0
60,115,76,99,0
70,129,87,98,0
70,124,74,94,2
74,131,83,96,0
91,121,70,100,1
77,123,86,100,1
101,111,74,94,2
106,125,70,99,2
71,126,76,94,2
82,113,82,100,1
60,124,80,98,0
66,115,79,94,2
83,129,70,98,1
85,133,72,95,2
86,123,73,100,1
64,112,73,97,0
65,126,87,100,0
97,127,77,100,2
89,131,90,97,1
86,124,83,95,2
74,112,82,100,0
82,111,76,94,2
79,126,77,100,1
70,120,74,96,0
73,130,74,96,0
89,132,80,98,1
80,122,76,96,1
60,130,81,95,2
78,112,84,100,1
100,121,70,97,2
65,118,76,96,0
79,117,72,94,2
67,134,85,99,0
99,111,89,97,2
88,110,77,100,1
83,120,73,98,1
68,128,88,96,0
98,123,83,97,2
64,120,81,99,0
66,113,90,94,2
84,116,85,95,2
77,132,71,94,2
108,112,81,97,2
69,127,87,97,0
83,115,70,99,1
103,117,83,94,2
109,124,70,97,2
89,135,90,99,1
78,111,78,94,2
73,111,76,97,0
107,119,86,95,2
76,125,74,95,2
84,112,90,95,2
65,115,72,95,2
106,115,89,99,2
72,120,78,95,2
91,123,90,100,1
82,118,81,95,2
96,123,90,96,2
84,125,89,99,1
97,122,76,94,2
109,125,90,97,2
88,127,84,97,1
61,133,89,98,0
71,124,89,96,0
86,113,88,100,1
61,112,87,94,2
108,121,83,96,2
88,120,71,100,1
62,120,86,94,2
94,116,90,98,1
90,125,80,98,1
60,126,77,99,0
101,125,80,94,2
105,115,81,95,2
77,132,86,95,2
105,110,71,96,2
91,123,70,98,1
106,123,76,98,2
96,115,75,97,2
60,124,89,95,2
109,112,83,100,2
69,121,83,95,2
84,113,88,96,1
96,133,76,98,2
99,116,78,99,2
94,113,79,96,1
104,115,75,100,2
63,122,81,94,2
82,112,86,96,1
82,118,77,97,1
91,122,81,94,2
97,110,82,98,2
61,129,84,95,2
75,125,70,97,0
104,112,70,94,2
60,118,71,94,2
108,128,87,96,2
71,130,72,96,0
96,118,72,99,2
109,133,90,100,2
108,124,79,97,2
102,133,74,95,2
76,125,85,99,1
72,113,79,98,0
69,128,87,94,2
105,116,85,100,2
68,122,89,96,0
98,122,89,98,2
87,129,84,94,2
63,130,80,95,2
107,130,80,95,2
108,125,78,95,2
105,133,71,100,2
86,116,84,95,2
109,129,70,98,2
82,132,86,96,1
66,115,86,95,2
92,134,75,96,1
83,124,72,96,1
84,133,85,96,1
104,122,77,95,2
109,113,72,100,2
109,116,81,97,2
102,128,75,100,2
92,124,71,96,1
81,112,80,94,2
105,112,87,98,2
72,122,80,94,2
73,115,86,100,0
94,112,76,97,1
97,118,78,96,2
99,133,78,99,2
79,131,77,100,1
88,134,84,97,1
101,112,77,95,2
103,113,75,95,2
66,118,76,95,2
86,127,85,96,1
100,124,86,96,2
73,132,79,100,0
90,123,78,97,1
87,122,88,95,2
93,124,75,96,1
61,134,83,96,0
85,114,70,99,1
77,110,84,94,2
93,122,76,95,2
78,133,73,97,1
110,134,77,100,2
65,118,79,96,0
85,114,82,96,1
79,125,86,99,1
99,128,88,94,2
80,126,77,98,1
87,123,89,94,2
89,135,81,100,1
108,117,85,99,2
65,117,81,96,0
98,114,73,97,2
67,132,72,99,0
95,121,82,100,1
100,115,81,97,2
98,122,83,100,2
72,130,85,100,0
101,113,75,98,2
85,123,85,95,2
66,129,82,97,0
73,117,89,98,0
68,131,82,96,0
101,130,85,99,2
74,113,80,100,0
93,111,82,99,1
105,125,72,94,2
92,113,76,96,1
108,122,87,99,2
101,115,88,98,2
91,129,86,98,1
102,133,89,96,2
75,118,74,94,2
89,126,78,99,1
60,124,73,100,0
61,119,72,100,0
90,130,81,94,2
67,117,78,97,0
107,126,86,99,2
78,111,81,97,1
96,112,78,97,2
98,129,90,98,2
76,117,76,97,1
80,116,84,99,1
72,117,86,99,0
106,128,90,100,2
91,113,82,98,1
110,115,90,99,2
67,131,70,99,0
78,113,89,94,2
106,128,87,97,2
88,114,88,94,2
66,123,74,96,0
105,131,70,94,2
93,116,78,97,1
105,115,81,97,2
100,129,79,94,2
106,125,81,98,2
62,121,75,99,0
71,127,82,99,0
102,122,80,98,2
83,134,70,96,1
98,110,73,95,2
101,115,83,97,2
94,134,72,98,1
100,127,74,98,2
96,119,85,95,2
83,133,81,94,2
105,110,90,99,2
86,110,80,99,1
62,135,90,95,2
86,119,85,95,2
79,127,88,97,1
64,118,88,97,0
66,117,78,98,0
76,119,81,98,1
92,117,77,96,1
69,121,90,97,0
77,129,76,94,2
102,115,73,97,2
97,134,90,100,2
78,127,90,97,1
81,116,73,99,1
74,116,72,97,0
61,132,87,95,2
79,119,80,96,1
80,122,89,99,1
101,123,74,100,2
99,120,75,98,2
94,118,90,98,1
101,123,90,98,2
84,133,78,98,1
80,111,87,95,2
87,132,82,97,1
108,133,80,94,2
76,113,81,94,2
91,124,78,97,1
110,111,79,98,2
96,123,88,97,2
73,115,76,94,2
87,111,81,99,1
105,115,89,99,2
99,119,85,99,2
63,133,81,99,0
76,133,85,94,2
73,131,81,97,0
63,110,75,100,0
68,131,73,95,2
92,113,81,97,1
78,121,76,98,1
72,129,80,100,0
63,135,78,98,0
79,129,70,98,1
89,112,89,98,1
67,110,72,98,0
76,119,70,98,1
80,121,73,99,1
92,135,79,96,1
96,119,72,97,2
73,128,70,95,2
82,133,80,96,1
61,134,75,100,0
71,125,79,100,0
82,114,74,96,1
64,110,74,96,0
99,119,84,99,2
95,111,73,99,1
80,114,81,94,2
73,123,78,98,0
74,127,89,96,0
107,120,70,99,2
72,112,71,96,0
107,126,80,98,2
75,125,81,98,0
80,130,86,95,2
68,116,71,97,0
93,111,87,96,1
68,130,71,94,2
83,119,88,97,1
94,132,85,95,2
94,133,72,96,1
83,123,90,96,1
67,125,83,99,0
87,113,89,98,1
75,121,77,98,0
96,118,74,97,2
62,110,71,100,0
79,111,72,97,1
81,120,70,100,1
91,131,88,98,1
107,123,81,98,2
60,129,79,96,0
77,124,85,100,1
108,115,71,97,2
89,114,82,96,1
107,123,77,94,2
85,119,83,99,1
73,133,74,98,0
87,122,79,95,2
82,121,84,99,1
61,130,70,95,2
93,122,82,98,1
96,134,80,97,2
106,123,84,100,2
94,112,74,95,2
66,126,73,96,0
66,125,76,98,0
97,129,90,98,2
64,119,73,99,0
84,117,79,95,2
106,129,89,100,2
77,115,84,100,1
66,124,79,98,0
78,120,87,94,2
107,118,78,94,2
80,111,80,100,1
67,119,75,100,0
109,116,82,99,2
76,133,87,98,1
101,120,75,97,2
83,112,81,96,1
92,126,90,98,1
62,126,87,98,0
65,123,76,95,2
69,124,70,95,2
96,110,73,100,2
71,126,70,100,0
98,134,82,94,2
83,124,77,98,1
93,133,85,95,2
89,117,85,96,1
82,132,77,96,1
64,110,77,99,0
86,111,89,94,2
70,110,71,97,0
79,124,75,94,2
76,123,79,97,1
72,130,84,99,0
104,111,75,94,2
98,120,71,98,2
94,116,80,99,1
70,129,90,95,2
87,127,70,98,1
61,116,78,97,0
69,121,77,96,0
61,128,85,95,2
110,127,82,97,2
91,126,77,100,1
68,132,87,98,0
107,124,90,97,2
66,132,75,96,0
75,123,72,97,0
84,115,83,95,2
69,111,83,95,2
67,113,70,98,0
84,129,79,95,2
75,115,86,95,2
81,121,87,97,1
92,132,86,100,1
82,120,80,96,1
108,124,76,100,2
87,131,73,95,2
73,122,81,98,0
101,119,79,98,2
100,124,72,96,2
76,135,77,96,1
71,123,71,96,0
90,120,75,96,1
108,129,89,94,2
90,127,87,95,2
108,121,87,99,2
86,129,74,97,1
78,129,71,94,2
70,111,72,97,0
74,118,74,97,0
93,114,76,100,1
84,128,75,95,2
92,135,76,94,2
98,130,85,98,2
78,113,89,99,1
93,131,82,96,1
100,132,79,100,2
74,133,90,97,0
106,123,73,95,2
81,120,75,98,1
80,129,72,99,1
94,119,89,97,1
61,118,89,100,0
108,131,75,99,2
64,131,84,94,2
96,134,84,98,2
97,119,70,100,2
73,130,70,98,0
72,126,72,95,2
73,116,85,97,0
66,125,83,95,2
76,115,85,95,2
109,127,82,96,2
85,121,78,94,2
63,112,84,94,2
99,114,71,97,2
104,117,77,94,2
89,128,78,97,1
95,118,89,96,1
62,120,74,96,0
91,134,85,96,1
80,135,87,94,2
61,112,81,100,0
86,122,89,97,1
109,127,74,96,2
62,113,76,96,0
63,133,71,99,0
76,130,79,98,1
73,130,73,94,2
84,129,72,99,1
102,112,89,95,2
71,125,85,95,2
70,133,87,95,2
107,116,81,100,2
82,115,72,96,1
63,113,71,99,0
100,120,87,98,2
73,132,74,95,2
71,126,71,98,0
99,135,80,98,2
83,111,82,98,1
100,112,79,99,2
72,128,83,98,0
89,133,86,96,1
94,111,90,97,1
61,119,90,95,2
80,127,73,100,1
99,116,89,95,2
94,110,85,94,2
92,125,71,94,2
108,128,86,96,2
102,111,89,95,2
71,129,77,99,0
69,110,73,100,0
72,114,76,98,0
76,124,88,99,1
77,114,88,99,1
60,129,83,94,2
99,135,82,100,2
100,111,82,100,2
108,119,90,96,2
86,135,81,99,1
63,133,80,100,0
108,117,72,96,2
69,120,86,98,0
64,123,78,99,0
95,135,80,94,2
99,120,76,96,2
67,110,70,98,0
67,117,72,96,0
99,122,74,100,2
76,135,72,98,1
61,130,84,98,0
90,117,82,94,2
85,133,90,99,1
107,130,70,99,2
103,123,85,96,2
71,112,70,98,0
101,135,85,98,2
67,111,85,94,2
102,117,77,100,2
86,130,79,94,2
83,126,71,95,2
105,116,76,94,2
104,133,72,98,2
94,112,86,98,1
105,112,85,98,2
60,126,90,98,0
67,134,74,99,0
100,129,78,97,2
75,110,75,94,2
86,117,75,94,2
65,115,73,95,2
72,110,70,94,2
62,128,80,100,0
70,120,86,96,0
67,114,73,99,0
106,128,87,97,2
